date,open,high,low,volume,name,daily_return_in_perc,rsi,obv,close
08-02-2013,67.7142,68.4014,66.8928,158168416,AAPL,0,0,0,67.8542
11-02-2013,68.0714,69.2771,67.6071,129029425,AAPL,1.042234674,0,129029425,68.5614
12-02-2013,68.5014,68.9114,66.8205,151829363,AAPL,-2.506658265,0,-22799938,66.8428
13-02-2013,66.7442,67.6628,66.1742,118721995,AAPL,-0.190297235,0,-141521933,66.7156
14-02-2013,66.3599,67.3771,66.2885,88809154,AAPL,-0.089933988,0,-230331087,66.6556
15-02-2013,66.9785,67.1656,65.7028,97924631,AAPL,-1.377978744,0,-328255718,65.7371
19-02-2013,65.8714,66.1042,64.8356,108854046,AAPL,-0.036965427,0,-437109764,65.7128
20-02-2013,65.3842,65.3842,64.1142,118891367,AAPL,-2.421750405,0,-556001131,64.1214
21-02-2013,63.7142,64.1671,63.2599,111596821,AAPL,-0.621633339,0,-667597952,63.7228
22-02-2013,64.1785,64.5142,63.7999,82583823,AAPL,1.064924956,0,-585014129,64.4014
25-02-2013,64.8356,65.0171,63.2242,92899597,AAPL,-1.776824727,0,-677913726,63.2571
26-02-2013,63.4028,64.5056,62.5228,125096657,AAPL,1.393361378,0,-552817069,64.1385
27-02-2013,64.0614,64.6342,62.9499,146674682,AAPL,-0.980066575,0,-699491751,63.5099
28-02-2013,63.4357,63.9814,63.0571,80532382,AAPL,-0.712959712,0,-780024133,63.0571
01-03-2013,62.5714,62.5971,61.4257,137899041,AAPL,-2.476168425,20.81355745,-917923174,61.4957
04-03-2013,61.1142,61.1714,59.8571,145406366,AAPL,-2.420657054,13.36268556,-1063329540,60.0071
05-03-2013,60.2114,62.1699,60.1071,159298020,AAPL,2.641020813,27.25011915,-904031520,61.5919
06-03-2013,62.0728,62.1785,60.6328,114903180,AAPL,-1.271433419,25.78465777,-1018934700,60.8088
07-03-2013,60.6428,61.7157,60.1514,116992841,AAPL,1.155918222,29.96814468,-901941859,61.5117
08-03-2013,61.3999,62.2042,61.2299,97854442,AAPL,0.264177384,33.18795362,-804087417,61.6742
11-03-2013,61.3928,62.7157,60.7342,118272126,AAPL,1.424582727,37.78753401,-685815291,62.5528
12-03-2013,62.2285,62.6971,61.0814,116268341,AAPL,-2.155938663,38.51025617,-802083632,61.2042
13-03-2013,61.2071,62.0714,60.7657,101369051,AAPL,-0.018626173,39.72179791,-903452683,61.1928
14-03-2013,61.8328,62.0914,61.4928,75834906,AAPL,0.968904838,39.29912698,-827617777,61.7857
15-03-2013,62.5614,63.4614,62.4642,160710606,AAPL,2.580208689,50.48454048,-666907171,63.3799
18-03-2013,63.0642,65.3514,63.0285,150441144,AAPL,2.718369704,53.56796637,-516466027,65.1028
19-03-2013,65.6428,65.8528,64.0714,131531708,AAPL,-0.269880865,55.42556124,-647997735,64.9271
20-03-2013,65.3456,65.3756,64.2271,77016849,AAPL,-0.530287045,55.88986944,-725014584,64.5828
21-03-2013,64.3171,65.4256,64.2999,95493524,AAPL,0.143691509,63.84575862,-629521060,64.6756
22-03-2013,64.9399,66.0142,64.7299,98570591,AAPL,2.027812653,76.44566698,-530950469,65.9871
25-03-2013,66.3842,67.1356,65.9685,125073165,AAPL,0.36143428,73.26177974,-405877304,66.2256
26-03-2013,66.4914,66.5485,65.7899,73428208,AAPL,-0.527137542,76.59958639,-479305512,65.8765
27-03-2013,65.2085,65.2571,64.3899,81854409,AAPL,-1.963826251,65.17836844,-561159921,64.5828
28-03-2013,64.2599,64.5455,63.0885,110698007,AAPL,-2.083681723,56.91554793,-671857928,63.2371
01-04-2013,63.1285,63.3854,61.1057,97294421,AAPL,-3.106246175,44.83270895,-769152349,61.2728
02-04-2013,61.0857,62.5914,60.9142,132350022,AAPL,0.205637738,50.87162949,-636802327,61.3988
03-04-2013,61.6242,62.4685,61.4728,90719482,AAPL,0.511410646,52.2676528,-546082845,61.7128
04-04-2013,61.9657,62.1428,60.7499,89589332,AAPL,-0.988449722,47.02639623,-635672177,61.1028
05-04-2013,60.6428,60.7071,59.9542,95743088,AAPL,-1.056743717,36.12709081,-731415265,60.4571
08-04-2013,60.6928,61.0714,60.3557,75169647,AAPL,0.711248141,27.19097962,-656245618,60.8871
09-04-2013,60.9085,61.2142,60.3928,76615504,AAPL,0.180662242,28.58450674,-579630114,60.9971
10-04-2013,61.1571,62.4371,60.8585,93895844,AAPL,2.039933046,38.38084084,-485734270,62.2414
11-04-2013,61.9599,62.5699,61.5999,82073628,AAPL,-0.312171641,37.08620334,-567807898,62.0471
12-04-2013,62.0214,62.0214,61.2985,59651011,AAPL,-1.043078565,25.88932806,-627458909,61.3999
15-04-2013,60.9999,61.1271,59.9357,79157071,AAPL,-2.314987484,20.79620782,-706615980,59.9785
16-04-2013,60.2242,60.9442,60.0814,76222076,AAPL,1.5220454,27.86269373,-630393904,60.8914
17-04-2013,60.0385,60.0857,56.8728,236138966,AAPL,-5.499298752,23.56245869,-866532870,57.5428
18-04-2013,57.8557,57.9699,55.6774,166438048,AAPL,-2.668796096,23.23094695,-1032970918,56.0071
19-04-2013,55.4242,57.0857,55.0142,152194413,AAPL,-0.387807974,26.68299695,-1185165331,55.7899
22-04-2013,56.0914,57.4571,55.8964,107338322,AAPL,2.084427468,32.62493943,-1077827009,56.9528
23-04-2013,57.7128,58.3401,56.9728,160760747,AAPL,1.871198607,36.36377059,-917066262,58.0185
24-04-2013,56.2199,59.3214,56.0714,242387530,AAPL,-0.164430311,37.79975904,-1159453792,57.9231
25-04-2013,58.7464,59.1342,58.1428,95984896,AAPL,0.719574747,41.73123789,-1063468896,58.3399
26-04-2013,58.5442,59.8241,58.3214,191006032,AAPL,2.161128147,45.28210545,-872462864,59.6007
29-04-2013,60.0642,61.9452,59.9999,159958876,AAPL,3.095601226,51.45950729,-712503988,61.4457
30-04-2013,62.1571,63.6071,61.7242,172737600,AAPL,2.94324908,53.17842886,-539766388,63.2542
01-05-2013,63.4942,63.5614,62.0557,126720237,AAPL,-0.788089961,52.18210709,-666486625,62.7557
02-05-2013,63.1114,64.0842,62.9471,105449078,AAPL,1.418197869,56.81396167,-561037547,63.6457
03-05-2013,64.4728,64.7471,64.1642,90319201,AAPL,1.00101028,63.7122414,-470718346,64.2828
06-05-2013,65.1014,66.0285,64.9014,124017747,AAPL,2.384463651,65.09102053,-346700599,65.8156
07-05-2013,66.4242,66.5356,64.8142,120499960,AAPL,-0.445335149,80.09050115,-467200559,65.5225
08-05-2013,65.5771,66.4814,65.1156,118010781,AAPL,1.129840894,91.14095683,-349189778,66.2628
09-05-2013,65.6871,66.1428,65.0828,99555337,AAPL,-1.524233808,85.69047062,-448745115,65.2528
10-05-2013,65.4242,65.6728,64.3542,83631828,AAPL,-0.831994949,80.69225839,-532376943,64.7099
13-05-2013,64.5014,65.4142,64.4999,79220953,AAPL,0.390821188,79.36502567,-453155990,64.9628
14-05-2013,64.8356,65.0285,63.1642,111647130,AAPL,-2.392600073,70.64819694,-564803120,63.4085
15-05-2013,62.7371,62.9999,60.3371,185278968,AAPL,-3.381723271,59.74084807,-750082088,61.2642
16-05-2013,60.4628,62.5499,59.8428,150794546,AAPL,1.335690338,58.51798462,-599287542,62.0825
17-05-2013,62.7214,62.8699,61.5728,106973181,AAPL,-0.303306085,51.73685067,-706260723,61.8942
20-05-2013,61.7014,63.6857,61.4428,112681030,AAPL,2.232034666,50.08610815,-593579693,63.2757
21-05-2013,62.5928,63.6399,62.0285,113921367,AAPL,-0.738356115,50.21199711,-707501060,62.8085
22-05-2013,63.4357,64.0499,62.6028,110727309,AAPL,0.385298168,47.47903431,-596773751,63.0505
23-05-2013,62.2785,63.7371,62.2557,88244695,AAPL,0.178111197,45.03554902,-508529056,63.1628
24-05-2013,62.9785,63.6657,62.9085,69036716,AAPL,0.680780459,39.07972567,-439492340,63.5928
28-05-2013,64.2714,64.4442,62.9785,96404189,AAPL,-0.833584934,38.19039023,-535896529,63.0627
29-05-2013,62.8571,63.9285,62.7714,82641944,AAPL,0.795240293,36.73984826,-453254585,63.5642
30-05-2013,63.6642,64.9285,63.5014,88379522,AAPL,1.49014697,46.33434855,-364875063,64.5114
31-05-2013,64.6428,65.2999,64.2142,95832240,AAPL,-0.408609951,47.65037881,-460707303,64.2478
03-06-2013,64.3899,64.6228,63.2114,92926932,AAPL,0.218995826,47.04617695,-367780371,64.3885
04-06-2013,64.7456,64.9185,63.9128,72860221,AAPL,-0.312788774,54.65202428,-440640592,64.1871
05-06-2013,63.6642,64.3885,63.3871,72545760,AAPL,-0.934767266,67.01982679,-513186352,63.5871
06-06-2013,63.6385,63.8571,62.0071,104230322,AAPL,-1.494013723,53.98660111,-617416674,62.6371
07-06-2013,62.3571,63.3199,61.8242,101120551,AAPL,0.764243555,58.42924567,-516296123,63.1158
10-06-2013,63.5328,64.1541,62.3999,112522179,AAPL,-0.661165667,45.40592168,-628818302,62.6985
11-06-2013,62.2485,63.2514,61.9028,71526560,AAPL,-0.293946426,47.54713207,-700344862,62.5142
12-06-2013,62.7857,63.0357,61.6428,66295887,AAPL,-1.236199136,39.97610989,-766640749,61.7414
13-06-2013,61.7857,62.4485,61.2499,71456693,AAPL,0.873481975,43.66025097,-695184056,62.2807
14-06-2013,62.1999,62.3271,61.2142,67962419,AAPL,-1.356760602,35.36944343,-763146475,61.4357
17-06-2013,61.6342,62.2428,61.4802,64818670,AAPL,0.453319487,40.53059562,-698327805,61.7142
18-06-2013,61.6514,62.1285,61.4585,48753768,AAPL,-0.053148222,35.84701425,-747081573,61.6814
19-06-2013,61.6285,61.6657,60.4285,77715057,AAPL,-2.031244427,20.65743895,-824796630,60.4285
20-06-2013,59.8999,60.8542,59.3099,89327210,AAPL,-1.456762951,18.9754423,-914123840,59.5482
21-06-2013,59.7842,59.9999,58.3,120286768,AAPL,-0.800695907,16.39043754,-1034410608,59.0714
24-06-2013,58.1999,58.3799,56.8642,120104964,AAPL,-2.650521234,13.97934098,-1154515572,57.5057
25-06-2013,57.9571,58.2557,56.9757,78534687,AAPL,0.022258663,15.07159959,-1075980885,57.5185
26-06-2013,57.6999,57.8271,56.5228,91924994,AAPL,-1.132505194,15.60808717,-1167905879,56.8671
27-06-2013,57.0357,57.3414,56.2199,84297955,AAPL,-1.077776078,9.745623504,-1252203834,56.2542
28-06-2013,55.9085,57.1814,55.5528,144619734,AAPL,0.698436739,14.39682764,-1107584100,56.6471
01-07-2013,57.5271,58.8957,57.3171,97743408,AAPL,3.200163821,29.9825218,-1009840692,58.4599
02-07-2013,58.5657,60.2328,58.4957,117442150,AAPL,2.265313488,40.83570572,-892398542,59.7842
03-07-2013,60.1228,60.4257,59.6357,60232158,AAPL,0.551985307,39.65288325,-832166384,60.1142
05-07-2013,60.0557,60.4699,59.3357,68505794,AAPL,-0.803138027,41.0739198,-900672178,59.6314
08-07-2013,60.0157,60.1428,58.6642,74521398,AAPL,-0.567821651,38.09186584,-975193576,59.2928
09-07-2013,59.0857,60.4999,58.6257,88142026,AAPL,1.758898214,43.98010217,-887051550,60.3357
10-07-2013,59.9428,60.6857,59.7499,70107226,AAPL,-0.383686607,48.40335969,-957158776,60.1042
11-07-2013,60.4214,61.1785,60.1671,81571665,AAPL,1.558792896,57.30932307,-875587111,61.0411
12-07-2013,61.0928,61.3985,60.4871,69882694,AAPL,-0.18217234,59.43717184,-945469805,60.9299
15-07-2013,60.7157,61.6371,60.6857,60478033,AAPL,0.218119511,71.13823554,-884991772,61.0628
16-07-2013,60.9314,61.5299,60.5957,54033805,AAPL,0.644582299,72.38791545,-830957967,61.4564
17-07-2013,61.3857,61.7457,61.1742,49743169,AAPL,0.026685585,78.22223856,-781214798,61.4728
18-07-2013,61.9114,62.1242,61.5157,54696012,AAPL,0.336571622,84.98652256,-726518786,61.6797
19-07-2013,61.8714,61.9971,60.6214,67174828,AAPL,-1.576855919,74.35980512,-793693614,60.7071
22-07-2013,61.3514,61.3928,60.7811,51946202,AAPL,0.32006141,68.17971973,-741747412,60.9014
23-07-2013,60.8571,60.9942,59.8157,91062300,AAPL,-1.717037704,50.55544334,-832809712,59.8557
24-07-2013,62.7042,63.5128,62.1799,147978789,AAPL,5.136018792,65.33522139,-684830923,62.9299
25-07-2013,62.9571,63.0571,62.2585,57371671,AAPL,-0.456221923,66.75830291,-742202594,62.6428
26-07-2013,62.1857,63.0057,62.0485,50031170,AAPL,0.567822639,70.58287695,-692171424,62.9985
29-07-2013,62.9714,64.2842,62.8857,62021344,AAPL,1.541941475,70.34735286,-630150080,63.9699
30-07-2013,64.2799,65.3071,64.1757,77257432,AAPL,1.234955815,74.53234832,-552892648,64.7599
31-07-2013,64.9985,65.3346,64.2042,80637830,AAPL,-0.174181863,70.80832795,-633530478,64.6471
01-08-2013,65.1075,65.2571,64.7514,51461179,AAPL,0.916205058,73.55973715,-582069299,65.2394
02-08-2013,65.4299,66.1214,65.2371,68467077,AAPL,1.284040013,75.45149076,-513602222,66.0771
05-08-2013,66.3842,67.2385,66.0214,79589930,AAPL,1.493860959,76.84647939,-434012292,67.0642
06-08-2013,66.8599,67.4128,66.0242,83715443,AAPL,-0.894665112,72.63098714,-517727735,66.4642
07-08-2013,66.2571,66.7142,65.9671,74663176,AAPL,-0.058076378,71.85137437,-592390911,66.4256
08-08-2013,66.2649,66.2999,65.4214,63946841,AAPL,-0.853737113,74.63841592,-656337752,65.8585
09-08-2013,65.5199,65.7799,64.8071,66772986,AAPL,-1.422899094,67.95155759,-723110738,64.9214
12-08-2013,65.2656,66.9499,65.2328,91008477,AAPL,2.84066579,78.80253099,-632102261,66.7656
13-08-2013,67.2771,70.6656,66.8642,219634975,AAPL,4.75229759,78.97552505,-412467286,69.9385
14-08-2013,71.1256,72.0356,70.4856,188602792,AAPL,1.824031113,82.75877884,-223864494,71.2142
15-08-2013,70.9171,71.7712,69.869,122441893,AAPL,-0.118375268,81.73551268,-346306387,71.1299
16-08-2013,71.4499,71.8485,71.2656,90461889,AAPL,0.887812298,81.23772181,-255844498,71.7614
19-08-2013,72.0485,73.3914,71.9999,127478547,AAPL,1.076902067,81.21180977,-128365951,72.5342
20-08-2013,72.8156,72.9385,71.5456,89531771,AAPL,-1.313587246,76.08036648,-217897722,71.5814
21-08-2013,71.9414,72.4499,71.5999,83809726,AAPL,0.257329418,75.32283098,-134087996,71.7656
22-08-2013,72.1399,72.2271,71.1714,60877852,AAPL,0.119555888,73.79368886,-73210144,71.8514
23-08-2013,71.8956,71.9071,71.3356,55587686,AAPL,-0.385796241,69.73880009,-128797830,71.5742
26-08-2013,71.5356,72.8856,71.4999,82398085,AAPL,0.389246404,74.26685161,-46399745,71.8528
27-08-2013,71.1428,71.7871,69.4714,105930335,AAPL,-2.859039592,62.8555094,-152330080,69.7985
28-08-2013,69.4285,70.8285,69.4285,76793066,AAPL,0.471929913,66.5727284,-75537014,70.1279
29-08-2013,70.2356,70.9285,70.1614,59807748,AAPL,0.163843492,72.06475047,-15729266,70.2428
30-08-2013,70.2856,70.4214,69.4999,68078395,AAPL,-0.911979591,63.06586826,-83807661,69.6022
03-09-2013,70.4428,71.5142,69.6214,83000148,AAPL,0.280019884,49.10245017,-807513,69.7971
04-09-2013,71.3656,71.7485,70.8971,86049453,AAPL,2.069426953,50.16965584,85241940,71.2415
05-09-2013,71.4642,71.5256,70.5199,58913211,AAPL,-0.685976573,47.76866546,26328729,70.7528
06-09-2013,71.2056,71.3399,69.9928,89551595,AAPL,0.595594803,46.4368932,115880324,71.1742
09-09-2013,72.1428,72.5599,71.9256,84887432,AAPL,1.595662473,48.69636983,200767756,72.3099
10-09-2013,72.3142,72.4928,69.9285,185494435,AAPL,-2.277834709,45.05980295,15273321,70.6628
11-09-2013,66.7157,67.6699,66.4014,224250866,AAPL,-5.444448847,30.90307248,-208977545,66.8156
12-09-2013,66.9285,67.9142,66.5728,100874816,AAPL,1.064871078,34.08533848,-108102729,67.5271
13-09-2013,67.0485,67.4041,66.3856,74578903,AAPL,-1.648079068,32.11016808,-182681632,66.4142
16-09-2013,65.8571,65.9442,63.8885,136823442,AAPL,-3.179139401,26.77551924,-319505074,64.3028
17-09-2013,63.9942,65.6728,63.9285,99756489,AAPL,1.155159651,34.09646053,-219748585,65.0456
18-09-2013,66.1685,66.6214,65.8085,113743049,AAPL,2.055788554,38.26038983,-106005536,66.3828
19-09-2013,67.2428,67.9756,67.0356,100918377,AAPL,1.63988262,41.81241285,-5087159,67.4714
20-09-2013,68.2856,68.3642,66.5714,174570949,AAPL,-1.035401666,41.66961089,-179658108,66.7728
23-09-2013,70.8714,70.9871,68.9428,190021706,AAPL,4.969987779,50.73186744,10363598,70.0914
24-09-2013,70.6971,70.7814,69.6885,90602953,AAPL,-0.313875882,46.37188389,-80239355,69.8714
25-09-2013,69.8856,69.9485,68.7757,79110192,AAPL,-1.54784361,44.96033274,-159349547,68.7899
26-09-2013,69.4285,69.7942,69.1285,59086559,AAPL,0.973980192,45.65408075,-100262988,69.4599
27-09-2013,69.1114,69.2385,68.6742,56816676,AAPL,-0.71364917,41.23386661,-157079664,68.9642
30-09-2013,68.1785,68.8085,67.7729,64852879,AAPL,-1.242818738,43.01457927,-221932543,68.1071
01-10-2013,68.3499,69.8771,68.3401,88255013,AAPL,2.351296708,59.01366585,-133677530,69.7085
02-10-2013,69.3756,70.2571,69.1071,71849680,AAPL,0.327937052,57.74202668,-61827850,69.9371
03-10-2013,70.0728,70.3356,68.6769,80629248,AAPL,-1.256271707,58.62453604,-142457098,69.0585
04-10-2013,69.1228,69.2285,68.3714,64673329,AAPL,-0.078628988,67.71038951,-207130427,69.0042
07-10-2013,69.5085,70.3785,69.3356,77919884,AAPL,0.977186896,67.54288311,-129210543,69.6785
08-10-2013,69.9914,70.0914,68.6485,72418815,AAPL,-1.396270012,59.04503045,-201629358,68.7056
09-10-2013,69.2342,69.6842,68.3256,75311488,AAPL,1.174431196,58.12636859,-126317870,69.5125
10-10-2013,70.1885,70.3399,69.5771,69650490,AAPL,0.626793742,62.91274928,-56667380,69.9482
11-10-2013,69.5699,70.5485,69.3085,66934938,AAPL,0.648193949,51.64468103,10267558,70.4016
14-10-2013,69.9756,71.0828,69.9071,65474542,AAPL,0.655098748,55.12531536,75742100,70.8628
15-10-2013,71.0721,71.7142,70.7885,80018603,AAPL,0.532155094,63.66089749,155760703,71.2399
16-10-2013,71.5414,71.7899,71.3185,62775013,AAPL,0.488069186,62.30609955,218535716,71.5876
17-10-2013,71.4256,72.1114,71.3828,63398335,AAPL,0.675815365,67.99606162,281934051,72.0714
18-10-2013,72.2842,72.7514,72.2442,72635570,AAPL,0.870109364,77.32000476,354569621,72.6985
21-10-2013,73.1099,74.8999,73.0742,99526945,AAPL,2.450807101,77.79641863,454096566,74.4802
22-10-2013,75.2006,75.4927,72.5756,133515753,AAPL,-0.286653366,75.26551668,320580813,74.2667
23-10-2013,74.1428,75.0956,74.1428,78431122,AAPL,0.979577657,85.2597688,399011935,74.9942
24-10-2013,74.9999,76.0671,74.6356,96191095,AAPL,1.323969054,87.31896063,495203030,75.9871
25-10-2013,75.9021,76.1756,75.0156,84448133,AAPL,-1.119005726,78.6323531,410754897,75.1368
28-10-2013,75.5771,75.8571,74.7442,137610123,AAPL,0.744907955,88.3336075,548365020,75.6965
29-10-2013,76.6099,77.0356,73.5056,158952115,AAPL,-2.490736031,71.07776797,389412905,73.8111
30-10-2013,74.2299,75.3599,73.8599,88540697,AAPL,1.590546679,73.03046098,477953602,74.9851
31-10-2013,74.9999,75.3556,74.4671,68923785,AAPL,-0.418083059,69.77694203,409029817,74.6716
01-11-2013,74.8599,74.9714,73.6914,68722304,AAPL,-0.511171583,65.99072406,340307513,74.2899
04-11-2013,74.4428,75.2599,74.1156,61157033,AAPL,1.29223488,67.74524728,401464546,75.2499
05-11-2013,74.9399,75.5549,74.7142,66368071,AAPL,-0.246910627,65.60802378,335096475,75.0641
06-11-2013,74.8785,74.9799,74.0285,55844152,AAPL,-0.861930004,60.37911169,279252323,74.4171
07-11-2013,74.2256,74.7414,73.1971,65655100,AAPL,-1.617907712,52.16637198,213597223,73.2131
08-11-2013,73.5114,74.4471,73.2271,69829543,AAPL,1.574171835,49.49056704,283426766,74.3656
11-11-2013,74.2842,74.5242,73.4871,56863303,AAPL,-0.290456878,49.47956943,226563463,74.1496
12-11-2013,73.9528,74.8456,73.8571,51114651,AAPL,0.18543593,46.68348921,277678114,74.2871
13-11-2013,73.9999,74.6071,73.8514,49304927,AAPL,0.11994007,41.74447804,326983041,74.3762
14-11-2013,74.6871,75.6114,74.5528,70605087,AAPL,1.445623734,51.57593123,397588128,75.4514
15-11-2013,75.2256,75.5842,74.9271,79479764,AAPL,-0.600121403,46.46615018,318108364,74.9986
18-11-2013,74.9985,75.3128,74.0285,61236224,AAPL,-1.211755953,51.56609987,256872140,74.0898
19-11-2013,74.1471,74.7685,73.9956,52234707,AAPL,0.177622291,45.13907453,309106847,74.2214
20-11-2013,74.1756,74.3456,73.4756,48545798,AAPL,-0.875758205,43.28491211,260561049,73.5714
21-11-2013,73.9428,74.4585,73.3814,65506861,AAPL,1.191359686,50.9094258,326067910,74.4479
22-11-2013,74.2171,74.5942,74.0756,55931232,AAPL,-0.256286611,43.73042336,270136678,74.2571
25-11-2013,74.4314,75.1242,74.4285,57348403,AAPL,0.757907325,48.52795795,327485081,74.8199
26-11-2013,74.8742,76.5914,74.8571,100345728,AAPL,1.844429089,59.87416368,427830809,76.1999
27-11-2013,76.6156,77.9999,76.1999,90861841,AAPL,2.3547275,74.85521788,518692650,77.9942
29-11-2013,78.4971,79.7613,78.2585,79532215,AAPL,1.851804365,75.59562853,598224865,79.4385
02-12-2013,79.7142,80.6185,78.6885,118135885,AAPL,-0.870358831,72.13507814,480088980,78.7471
03-12-2013,79.7571,80.9113,79.6685,112741734,AAPL,2.737878601,76.66967655,592830714,80.9031
04-12-2013,80.7856,81.3128,80.1171,94452666,AAPL,-0.233489199,75.34510613,498378048,80.7142
05-12-2013,81.8071,82.1622,80.9156,111895315,AAPL,0.513416474,73.96939861,610273363,81.1286
06-12-2013,80.8271,80.9642,79.9385,86088352,AAPL,-1.387673398,69.99185017,524185011,80.0028
09-12-2013,80.1285,81.3685,80.1285,80123533,AAPL,1.14458494,77.2657217,604308544,80.9185
10-12-2013,80.5113,81.1256,80.1713,69567610,AAPL,-0.155341486,76.25073902,534740934,80.7928
11-12-2013,80.9999,81.5671,79.9556,89929693,AAPL,-0.740907606,76.5651574,444811241,80.1942
12-12-2013,80.3058,80.7628,80.0042,65572318,AAPL,-0.146020535,74.04449077,379238923,80.0771
13-12-2013,80.4071,80.4113,79.0956,83205283,AAPL,-1.090074441,69.96746826,296033640,79.2042
16-12-2013,79.2885,80.3769,79.2871,70648452,AAPL,0.553758513,69.66331531,366682092,79.6428
17-12-2013,79.4013,79.9199,79.0535,57475649,AAPL,-0.450260413,63.71738879,309206443,79.2842
18-12-2013,78.5285,78.7785,76.9714,141465807,AAPL,-0.760428938,53.41810186,167740636,78.6813
19-12-2013,78.4999,78.5713,77.6757,80239369,AAPL,-1.14563435,41.27787127,87501267,77.7799
20-12-2013,77.9185,78.8013,77.831,109103435,AAPL,0.837620002,48.33282285,196604702,78.4314
23-12-2013,81.1428,81.5313,80.3942,125326831,AAPL,3.837621157,52.6070529,321931533,81.4413
24-12-2013,81.4128,81.6971,80.8613,41888735,AAPL,-0.424477507,51.81986487,280042798,81.0956
26-12-2013,81.1571,81.3571,80.4822,51002035,AAPL,-0.664031094,47.3049826,229040763,80.5571
27-12-2013,80.5456,80.6299,79.9285,56471317,AAPL,-0.675669804,50.04989323,172569446,80.0128
30-12-2013,79.6371,80.0128,78.9029,63407722,AAPL,-0.994465885,41.4082857,109161724,79.2171
31-12-2013,79.1671,80.1828,79.1428,55819372,AAPL,1.172095419,46.97688758,164981096,80.1456
02-01-2014,79.3828,79.5756,78.8601,58791957,AAPL,-1.406315506,44.76661889,106189139,79.0185
03-01-2014,78.9799,79.0999,77.2042,98303870,AAPL,-2.19657422,39.12833721,7885269,77.2828
06-01-2014,76.7785,78.1142,76.2285,103359151,AAPL,0.545270099,43.95151535,111244420,77.7042
07-01-2014,77.7599,77.9942,76.8464,79432766,AAPL,-0.715662731,40.03499157,31811654,77.1481
08-01-2014,76.9728,77.9371,76.9556,64686685,AAPL,0.633845811,43.48853942,96498339,77.6371
09-01-2014,78.1142,78.1228,76.4785,69905199,AAPL,-1.27722442,42.19186278,26593140,76.6455
10-01-2014,77.1185,77.2571,75.8728,76320664,AAPL,-0.66709722,43.49335379,-49727524,76.1342
13-01-2014,75.7014,77.4999,75.6971,94860843,AAPL,0.523549207,42.34027789,45133319,76.5328
14-01-2014,76.8885,78.1042,76.8085,83734371,AAPL,1.98973512,34.47823735,128867690,78.0556
15-01-2014,79.0742,80.0285,78.8085,98472619,AAPL,2.007799569,43.92800013,227340309,79.6228
16-01-2014,79.2713,79.5499,78.8113,57471330,AAPL,-0.558005998,44.27187209,169868979,79.1785
17-01-2014,78.7828,78.8671,77.1285,108426689,AAPL,-2.450160081,39.67071999,61442290,77.2385
21-01-2014,77.2842,78.5813,77.2028,82255544,AAPL,1.553629343,47.18583738,143697834,78.4385
22-01-2014,78.702,79.6128,78.2585,95219334,AAPL,0.444424613,44.87501603,238917168,78.7871
23-01-2014,78.5628,79.4999,77.8294,100978346,AAPL,0.846712216,51.70279122,339895514,79.4542
24-01-2014,79.1428,79.3742,77.8214,108384437,AAPL,-1.817776782,52.90786495,231511077,78.0099
27-01-2014,78.5813,79.2571,77.9642,144219152,AAPL,0.811307283,53.69126461,375730229,78.6428
28-01-2014,72.6799,73.5714,71.7242,266833581,AAPL,-7.992721521,37.01161391,108896648,72.3571
29-01-2014,71.9928,72.4814,71.2314,125942796,AAPL,-1.135341245,33.75177754,-17046148,71.5356
30-01-2014,71.7914,72.3571,70.9571,169762789,AAPL,-0.193190523,35.3589064,-186808937,71.3974
31-01-2014,70.7399,71.6471,70.5071,116336444,AAPL,0.163591391,36.82108626,-70472493,71.5142
03-02-2014,71.8014,72.5328,71.3285,100620772,AAPL,0.185837218,35.84864126,30148279,71.6471
04-02-2014,72.2642,72.7799,71.8228,94273543,AAPL,1.447511483,33.99139277,124421822,72.6842
05-02-2014,72.3656,73.6114,72.3216,82322156,AAPL,0.746929869,29.69915504,206743978,73.2271
06-02-2014,72.8656,73.3571,72.5442,64497223,AAPL,-0.015704568,30.53820294,142246755,73.2156
07-02-2014,74.4828,74.7042,73.9114,93638601,AAPL,1.399018788,39.59094128,235885356,74.2399
10-02-2014,74.0942,75.9985,73.9999,86451022,AAPL,1.791489482,40.13128019,322336378,75.5699
11-02-2014,75.8014,76.8214,75.6428,70672252,AAPL,1.317588087,42.68324012,393008630,76.5656
12-02-2014,76.7071,77.0799,76.1771,77127064,AAPL,-0.007444597,40.03305899,315881566,76.5599
13-02-2014,76.3799,77.8356,76.3142,76960156,AAPL,1.587906985,49.18024757,392841722,77.7756
14-02-2014,77.4956,77.9971,77.3156,68468036,AAPL,-0.080745118,46.61098478,324373686,77.7128
18-02-2014,77.9999,78.7413,77.9442,65306248,AAPL,0.367635705,86.53377888,389679934,77.9985
19-02-2014,77.8214,78.1271,76.3356,78554420,AAPL,-1.578748309,82.17127677,311125514,76.7671
20-02-2014,76.1414,76.7142,75.5714,76529103,AAPL,-1.157527118,75.22829379,234596411,75.8785
21-02-2014,76.1132,76.3671,74.9428,69757247,AAPL,-1.110854853,68.32687984,164839164,75.0356
24-02-2014,74.7356,75.7028,74.6314,72364950,AAPL,0.437925465,68.95918555,237204114,75.3642
25-02-2014,75.6256,75.6521,74.4285,58247350,AAPL,-1.040679792,59.92502696,178956764,74.5799
26-02-2014,74.8014,74.9999,73.6571,69131286,AAPL,-0.90211974,53.51239669,109825478,73.9071
27-02-2014,73.8771,75.5399,73.7214,75557321,AAPL,1.994801582,59.71838317,185382799,75.3814
28-02-2014,75.5828,76.1071,74.5885,93074653,AAPL,-0.271021764,54.53946604,92308146,75.1771
03-03-2014,74.7742,75.8071,74.6871,59667923,AAPL,0.28878475,49.04613514,151976069,75.3942
04-03-2014,75.8571,76.0914,75.3956,64884834,AAPL,0.659467174,46.13035792,216860903,75.8914
05-03-2014,75.8456,76.3928,75.5899,50065519,AAPL,0.210827577,47.13220614,266926422,76.0514
06-03-2014,76.1128,76.3485,75.4428,46423111,AAPL,-0.302427043,37.60025381,220503311,75.8214
07-03-2014,75.8699,75.9971,75.1499,55415241,AAPL,-0.058426777,37.68873625,165088070,75.7771
10-03-2014,75.4799,76.1899,75.4769,44691430,AAPL,0.090396703,35.9182659,209779500,75.8456
11-03-2014,76.4928,76.9628,76.0842,70198849,AAPL,0.973820498,48.72124729,279978349,76.5842
12-03-2014,76.3585,76.7642,75.9999,50195460,AAPL,0.0970174,56.15413747,330173809,76.6585
13-03-2014,76.7771,77.0942,75.5942,64435609,AAPL,-1.110640046,56.07891958,265738200,75.8071
14-03-2014,75.5414,75.8414,74.7142,59299492,AAPL,-1.123245712,47.02559474,206438708,74.9556
17-03-2014,75.3856,75.7099,75.1214,49886074,AAPL,0.390764666,55.24211253,256324782,75.2485
18-03-2014,75.1285,75.9956,75.0285,52411863,AAPL,0.884668797,65.75406979,308736645,75.9142
19-03-2014,76.0371,76.6056,75.5714,56188958,AAPL,-0.026345532,55.21583466,252547687,75.8942
20-03-2014,75.6985,76.0956,75.3356,52099537,AAPL,-0.481855003,53.46056882,200448150,75.5285
21-03-2014,75.9899,76.2499,75.1899,93612169,AAPL,0.788708898,56.69012794,294060319,76.1242
24-03-2014,76.9171,77.2142,76.4371,88924871,AAPL,1.186087998,59.68779323,382985190,77.0271
25-03-2014,77.3571,77.9642,77.0842,70573356,AAPL,1.075595472,63.81470138,453558546,77.8556
26-03-2014,78.0742,78.4285,76.9799,74942224,AAPL,-0.955872153,59.15646915,378616322,77.1114
27-03-2014,77.1449,77.3571,76.4457,55507676,AAPL,-0.429897525,56.83907576,323108646,76.7799
28-03-2014,76.9028,76.9913,76.3214,50141063,AAPL,-0.111617754,55.7738889,272967583,76.6942
31-03-2014,77.0328,77.2585,76.5614,42167188,AAPL,-0.022296341,50.7009099,230800395,76.6771
01-04-2014,76.8228,77.4099,76.6814,50189685,AAPL,0.91474508,54.96264233,280990080,77.3785
02-04-2014,77.4828,77.6399,77.1799,44792195,AAPL,0.166196036,63.01405518,325782275,77.5071
03-04-2014,77.3414,77.4999,76.8056,40648111,AAPL,-0.693097794,66.19967509,285134164,76.9699
04-04-2014,77.1156,77.1428,75.7971,68812485,AAPL,-1.293622572,55.24357288,216321679,75.9742
07-04-2014,75.4314,75.8428,74.5556,72462530,AAPL,-1.57000666,42.39425272,143859149,74.7814
08-04-2014,75.0271,75.1599,74.0999,60971883,AAPL,-0.005750093,42.48381844,82887266,74.7771
09-04-2014,74.6628,75.7842,74.5742,51542722,AAPL,1.314306118,51.43755281,134429988,75.7599
10-04-2014,75.8114,76.0342,74.7385,59912818,AAPL,-1.289732431,42.0437021,74517170,74.7828
11-04-2014,74.1428,74.6899,73.8771,67975012,AAPL,-0.739341132,32.6901656,6542158,74.2299
14-04-2014,74.5571,74.5942,73.8871,51445177,AAPL,0.398356996,27.93825361,57987335,74.5256
15-04-2014,74.3242,74.5199,73.0471,66622577,AAPL,-0.713043572,28.74887513,-8635242,73.9942
16-04-2014,74.0071,74.4414,73.4478,53732994,AAPL,0.202718591,31.57548898,45097752,74.1442
17-04-2014,74.2856,75.3942,74.1714,71106721,AAPL,1.142638264,39.24212176,116204473,74.9914
21-04-2014,75.0485,76.0199,74.8514,45668931,AAPL,1.186802753,45.47234013,161873404,75.8814
22-04-2014,75.4728,75.9751,75.2144,50664453,AAPL,0.099497374,41.2904965,212537857,75.9569
23-04-2014,75.5799,75.8756,74.9214,98735259,AAPL,-1.306925375,35.91237964,113802598,74.9642
24-04-2014,81.1728,81.4285,80.1042,189978082,AAPL,8.198179931,64.14533477,303780680,81.1099
25-04-2014,80.6471,81.7128,80.5656,97568814,AAPL,0.734435624,70.13306355,401349494,81.7056
28-04-2014,81.8285,85.1071,81.7928,167371680,AAPL,3.87280676,81.1271621,568721174,84.8699
29-04-2014,84.8199,85.1399,84.2156,84344673,AAPL,-0.296218094,79.90870633,484376501,84.6185
30-04-2014,84.6628,85.6328,84.2571,114220883,AAPL,-0.378167895,77.03868369,370155618,84.2985
01-05-2014,84.5713,84.9713,83.7656,61052418,AAPL,0.235591381,82.35705578,431208036,84.4971
02-05-2014,84.6199,84.8856,84.2442,47878572,AAPL,0.185923541,85.66228541,479086608,84.6542
05-05-2014,84.3056,85.8571,84.2856,71766758,AAPL,1.414105857,86.4951955,550853366,85.8513
06-05-2014,85.9713,86.3442,84.9156,93641373,AAPL,-1.089907782,84.29872495,457211993,84.9156
07-05-2014,85.0356,85.3271,83.9613,70715988,AAPL,-0.349876819,82.59346158,386496005,84.6185
08-05-2014,84.0356,84.9156,83.7713,57574363,AAPL,-0.732700296,78.42988719,328921642,83.9985
09-05-2014,83.5056,83.7499,82.9042,72899498,AAPL,-0.416316958,75.38266473,256022144,83.6488
12-05-2014,83.9271,84.8085,83.9142,53324677,AAPL,1.24460841,76.84400782,309346821,84.6899
13-05-2014,84.5713,84.9342,84.3856,39934594,AAPL,0.156925442,81.99514487,349281415,84.8228
14-05-2014,84.6328,85.3428,84.5342,41600846,AAPL,0.018509174,70.097236,390882261,84.8385
15-05-2014,84.9571,85.2285,84.0056,57711731,AAPL,-0.850321493,62.82426266,333170530,84.1171
16-05-2014,84.0899,85.3613,83.6285,69091834,AAPL,1.475799808,53.26639213,402262364,85.3585
19-05-2014,85.4071,86.7613,85.3328,79439024,AAPL,1.184884927,60.62845907,481701388,86.3699
20-05-2014,86.3585,86.6285,85.8185,58708986,AAPL,0.019914345,63.15835895,540410374,86.3871
21-05-2014,86.2613,86.6713,86.0085,49249914,AAPL,0.264507085,63.29663708,589660288,86.6156
22-05-2014,86.6571,87.1213,86.2999,50218945,AAPL,0.158401027,63.20472163,639879233,86.7528
23-05-2014,86.7499,87.8184,86.6385,58052491,AAPL,1.129646536,62.17121861,697931724,87.7328
27-05-2014,87.9828,89.4085,87.9471,87216605,AAPL,1.872503784,76.43307572,785148329,89.3756
28-05-2014,89.4313,89.9756,89.1113,78921885,AAPL,-0.258907353,77.0329841,706226444,89.1442
29-05-2014,89.6928,90.9813,89.6813,94118633,AAPL,1.822103962,86.10666667,800345077,90.7685
30-05-2014,91.1399,92.0242,89.8428,141005137,AAPL,-0.374579287,86.19585064,659339940,90.4285
02-06-2014,90.5656,90.6899,88.9285,92337903,AAPL,-0.687172739,78.6017707,567002037,89.8071
03-06-2014,89.7799,91.2485,89.7499,73231620,AAPL,1.414142089,81.0150059,640233657,91.0771
04-06-2014,91.0628,92.5556,90.8728,83870521,AAPL,1.141889674,82.76582335,724104178,92.1171
05-06-2014,92.3142,92.767,91.8013,75951141,AAPL,0.392326723,88.90108868,800055319,92.4785
06-06-2014,92.8428,93.037,92.0671,87620911,AAPL,-0.274982834,85.17300382,712434408,92.2242
09-06-2014,92.7,93.88,91.75,75414804,AAPL,1.600230742,85.84646382,787849212,93.7
10-06-2014,94.73,95.05,93.57,62777042,AAPL,0.586979723,86.54748957,850626254,94.25
11-06-2014,94.13,94.76,93.47,45681114,AAPL,-0.413793103,83.17458282,804945140,93.86
12-06-2014,94.04,94.12,91.9,54748791,AAPL,-1.672704027,72.41527276,750196349,92.29
13-06-2014,92.2,92.44,90.88,54525280,AAPL,-1.094376422,64.32471288,695671069,91.28
16-06-2014,91.51,92.75,91.45,35561270,AAPL,1.007887818,62.11294667,731232339,92.2
17-06-2014,92.31,92.7,91.8,29726347,AAPL,-0.130151844,62.71217265,701505992,92.08
18-06-2014,92.27,92.29,91.35,33514108,AAPL,0.108601216,57.04137525,735020100,92.18
19-06-2014,92.29,92.3,91.3389,35527686,AAPL,-0.347146887,57.15542493,699492414,91.86
20-06-2014,91.85,92.55,90.9,100898066,AAPL,-1.034182452,55.33755989,598594348,90.91
23-06-2014,91.32,91.62,90.6,43694391,AAPL,-0.08799912,48.64847126,554899957,90.83
24-06-2014,90.75,91.74,90.19,39036087,AAPL,-0.605526808,39.38276599,515863870,90.28
25-06-2014,90.21,90.7,89.65,36868541,AAPL,0.088613203,37.34483459,552732411,90.36
26-06-2014,90.37,91.05,89.8,32629359,AAPL,0.597609562,42.35079369,585361770,90.9
27-06-2014,90.82,92,90.77,64028803,AAPL,1.188118812,39.58837772,649390573,91.98
30-06-2014,92.1,93.725,92.09,49589028,AAPL,1.032833225,42.37875289,698979601,92.93
01-07-2014,93.52,94.07,93.13,38223477,AAPL,0.634886474,48.08126411,737203078,93.52
02-07-2014,93.865,94.06,93.09,28465073,AAPL,-0.0427716,58.11732606,708738005,93.48
03-07-2014,93.67,94.1,93.2,22891753,AAPL,0.588361147,70.01455604,731629758,94.03
07-07-2014,94.14,95.99,94.1,56467939,AAPL,2.061044348,73.88438134,788097697,95.968
08-07-2014,96.27,96.8,93.92,65221678,AAPL,-0.643964655,69.49678035,722876019,95.35
09-07-2014,95.44,95.95,94.76,36436440,AAPL,0.041950708,69.27696373,759312459,95.39
10-07-2014,93.76,95.55,93.52,39685552,AAPL,-0.372156411,68.98696328,719626907,95.035
11-07-2014,95.36,95.89,94.8625,34018228,AAPL,0.194665123,78.37019484,753645135,95.22
14-07-2014,95.86,96.89,95.65,42810155,AAPL,1.291745432,82.12897324,796455290,96.45
15-07-2014,96.8,96.85,95.03,45696176,AAPL,-1.171591498,77.02123097,750759114,95.32
16-07-2014,96.97,97.1,94.74,53502415,AAPL,-0.566512799,72.58328224,697256699,94.78
17-07-2014,95.03,95.279,92.57,57298243,AAPL,-1.783182106,60.012253,639958456,93.0899
18-07-2014,93.62,94.74,93.02,49987593,AAPL,1.439576152,60.9412122,689946049,94.43
21-07-2014,94.99,95,93.72,39079002,AAPL,-0.519961877,54.69861789,650867047,93.939
22-07-2014,94.68,94.89,94.12,55196597,AAPL,0.831390583,55.49038268,706063644,94.72
23-07-2014,95.42,97.88,95.17,92917719,AAPL,2.607685811,63.88660149,798981363,97.19
24-07-2014,97.035,97.32,96.42,45728843,AAPL,-0.16462599,61.5667556,753252520,97.03
25-07-2014,96.85,97.84,96.64,43469117,AAPL,0.660620427,57.29573651,796721637,97.671
28-07-2014,97.82,99.24,97.55,55317689,AAPL,1.381167388,64.79576204,852039326,99.02
29-07-2014,99.33,99.44,98.25,43143095,AAPL,-0.646334074,61.49805418,808896231,98.38
30-07-2014,98.44,98.7,97.67,33010001,AAPL,-0.233787355,62.09502066,775886230,98.15
31-07-2014,97.16,97.45,95.33,56842647,AAPL,-2.598064187,51.24653921,719043583,95.6
01-08-2014,94.9,96.62,94.81,48511286,AAPL,0.554393305,48.89975382,767554869,96.13
04-08-2014,96.37,96.58,95.17,39958144,AAPL,-0.561739311,50.96758934,727596725,95.59
05-08-2014,95.36,95.68,94.36,55932663,AAPL,-0.49168323,51.22458976,671664062,95.12
06-08-2014,94.75,95.48,94.71,38558342,AAPL,-0.168208579,57.56996786,633105720,94.96
07-08-2014,94.93,95.95,94.1,46711179,AAPL,-0.50547599,50.21754264,586394541,94.48
08-08-2014,94.26,94.82,93.28,41865193,AAPL,0.275190517,53.55652251,628259734,94.74
11-08-2014,95.27,96.08,94.8355,36584844,AAPL,1.319400464,55.41346974,664844578,95.99
12-08-2014,96.04,96.88,95.61,33795352,AAPL,-0.020835504,43.42672414,631049226,95.97
13-08-2014,96.15,97.24,96.04,31866088,AAPL,1.323330207,51.0105871,662915314,97.24
14-08-2014,97.33,97.57,96.8,28115566,AAPL,0.267379679,49.14576881,691030880,97.5
15-08-2014,97.9,98.19,96.86,48951331,AAPL,0.492307692,44.3107221,739982211,97.98
18-08-2014,98.49,99.37,97.98,47572413,AAPL,1.204327414,54.02892562,787554624,99.16
19-08-2014,99.41,100.68,99.32,69399270,AAPL,1.381605486,60.99815157,856953894,100.53
20-08-2014,100.44,101.09,99.95,52699192,AAPL,0.039789118,79.90373045,909653086,100.57
21-08-2014,100.57,100.94,100.11,33478198,AAPL,0.009943323,78.56225931,943131284,100.58
22-08-2014,100.29,101.47,100.19,44183834,AAPL,0.73573275,85.85732165,987315118,101.32
25-08-2014,101.79,102.17,101.28,40270173,AAPL,0.217133833,91.47286822,1027585291,101.54
26-08-2014,101.42,101.5,100.86,33151984,AAPL,-0.64112665,86.01627992,994433307,100.889
27-08-2014,101.02,102.57,100.7,52369011,AAPL,1.230064725,92.53781139,1046802318,102.13
28-08-2014,101.59,102.78,101.56,68459801,AAPL,0.117497307,92.41979214,1115262119,102.25
29-08-2014,102.86,102.9,102.2,44595247,AAPL,0.244498778,91.45440652,1159857366,102.5
02-09-2014,103.06,103.74,102.72,53564262,AAPL,0.780487805,92.45829472,1213421628,103.3
03-09-2014,103.1,103.2,98.58,125420521,AAPL,-4.22071636,57.2513223,1088001107,98.94
04-09-2014,98.85,100.09,97.79,85718221,AAPL,-0.828785122,52.52401889,1002282886,98.12
05-09-2014,98.8,99.39,98.31,58457035,AAPL,0.86628618,53.91242491,1060739921,98.97
08-09-2014,99.3,99.31,98.05,46356742,AAPL,-0.616348388,46.68928985,1014383179,98.36
09-09-2014,99.08,103.08,96.14,189846255,AAPL,-0.376169174,38.53997473,824536924,97.99
10-09-2014,98.01,101.11,97.76,100869587,AAPL,3.071742014,51.53003131,925406511,101
11-09-2014,100.41,101.44,99.62,62399743,AAPL,0.425742574,52.93670536,987806254,101.43
12-09-2014,101.21,102.19,101.08,64096903,AAPL,0.22675737,51.2175906,1051903157,101.66
15-09-2014,102.81,103.05,101.44,61316516,AAPL,-0.029510132,50.32674993,990586641,101.63
16-09-2014,99.8,101.26,98.89,66908133,AAPL,-0.7576503,49.89561587,923678508,100.86
17-09-2014,101.27,101.8,100.5922,60926498,AAPL,0.713860797,47.94315632,984605006,101.58
18-09-2014,101.93,102.35,101.56,37299435,AAPL,0.206733609,48.29123328,1021904441,101.79
19-09-2014,102.29,102.35,100.88,70902406,AAPL,-0.815404264,44.51566952,951002035,100.96
22-09-2014,101.8,102.14,100.58,52788426,AAPL,0.099049128,41.6041979,1003790461,101.06
23-09-2014,100.6,102.94,100.54,63402196,AAPL,1.563427667,67.51893939,1067192657,102.64
24-09-2014,102.16,102.85,101.2,60171828,AAPL,-0.86710834,67.07431797,1007020829,101.75
25-09-2014,100.51,100.71,97.72,100091990,AAPL,-3.813267813,45.97364568,906928839,97.87
26-09-2014,98.53,100.75,98.4,62370501,AAPL,2.942679064,57.50156937,969299340,100.75
29-09-2014,98.65,100.435,98.63,49766312,AAPL,-0.635235732,56.54320988,919533028,100.11
30-09-2014,100.81,101.54,100.53,55264139,AAPL,0.639296774,49.09616775,974797167,100.75
01-10-2014,100.59,100.69,98.7,51491286,AAPL,-1.558312655,42.48496994,923305881,99.18
02-10-2014,99.27,100.22,98.04,47757828,AAPL,0.725952813,44.30789133,971063709,99.9
03-10-2014,99.44,100.21,99.04,43469585,AAPL,-0.28028028,43.60280076,927594124,99.62
06-10-2014,99.95,100.65,99.42,37051182,AAPL,0,45.85006693,927594124,99.62
07-10-2014,99.43,100.12,98.73,42094183,AAPL,-0.873318611,40.62292909,885499941,98.75
08-10-2014,98.76,101.11,98.31,57404674,AAPL,2.075949367,47.0761961,942904615,100.8
09-10-2014,101.54,102.38,100.61,77376525,AAPL,0.218253968,50.18382353,1020281140,101.02
10-10-2014,100.69,102.03,100.3,66331592,AAPL,-0.287071867,49.00060569,953949548,100.73
13-10-2014,101.33,101.78,99.81,53583368,AAPL,-0.913332671,41.07255521,900366180,99.81
14-10-2014,100.39,100.52,98.57,63688562,AAPL,-1.062017834,40.63670412,836677618,98.75
15-10-2014,97.97,99.15,95.18,100933600,AAPL,-1.225316456,48.76404494,735744018,97.54
16-10-2014,95.55,97.72,95.41,72154523,AAPL,-1.312282141,30.89361702,663589495,96.26
17-10-2014,97.5,99,96.81,68179688,AAPL,1.46478288,40.25559105,731769183,97.67
20-10-2014,98.315,99.96,98.22,77517279,AAPL,2.139858708,46.45669291,809286462,99.76
21-10-2014,103.02,103.02,101.27,94623904,AAPL,2.716519647,60.88682991,903910366,102.47
22-10-2014,102.84,104.11,102.6,68263146,AAPL,0.5074656,60.36217304,972173512,102.99
23-10-2014,104.08,105.051,103.63,71074674,AAPL,1.786581221,65.81663631,1043248186,104.83
24-10-2014,105.18,105.49,104.53,47053916,AAPL,0.372030907,66.60735469,1090302102,105.22
27-10-2014,104.85,105.48,104.7,34187701,AAPL,-0.104542863,69.7515528,1056114401,105.11
28-10-2014,105.4,106.74,105.35,48060949,AAPL,1.55075635,68.94132653,1104175350,106.74
29-10-2014,106.65,107.37,106.36,52687879,AAPL,0.562113547,69.6762142,1156863229,107.34
30-10-2014,106.959,107.35,105.9,40654793,AAPL,-0.335382895,69.37383757,1116208436,106.98
31-10-2014,108.01,108.04,107.21,44639285,AAPL,0.953449243,75.2310536,1160847721,108
03-11-2014,108.22,110.3,108.01,52282550,AAPL,1.296296296,82.13639107,1213130271,109.4
04-11-2014,109.36,109.49,107.72,41574365,AAPL,-0.731261426,84.22029703,1171555906,108.6
05-11-2014,109.1,109.3,108.125,37435905,AAPL,0.239410681,91.61162483,1208991811,108.86
06-11-2014,108.6,108.79,107.8,34968457,AAPL,-0.14697777,89.70482361,1174023354,108.7
07-11-2014,108.75,109.32,108.55,33691535,AAPL,0.285188592,88.19157721,1207714889,109.01
10-11-2014,109.02,109.33,108.67,27195547,AAPL,-0.165122466,83.19415449,1180519342,108.83
11-11-2014,108.7,109.75,108.4,27442252,AAPL,0.799411927,83.78650554,1207961594,109.7
12-11-2014,109.38,111.43,109.37,46942431,AAPL,1.412944394,83.29875519,1254904025,111.25
13-11-2014,111.8,113.45,111.6,59522855,AAPL,1.411235955,85.12014787,1314426880,112.82
14-11-2014,113.15,114.19,113.05,44063595,AAPL,1.205460025,87.57249379,1358490475,114.18
17-11-2014,114.27,117.28,113.3,46746712,AAPL,-0.166403924,84.10159925,1311743763,113.99
18-11-2014,113.94,115.69,113.89,44223978,AAPL,1.298359505,85.31711555,1355967741,115.47
19-11-2014,115.44,115.74,113.8,41869160,AAPL,-0.692820646,82.17573222,1314098581,114.67
20-11-2014,114.91,116.86,114.85,43395537,AAPL,1.430190983,83.0548926,1357494118,116.31
21-11-2014,117.51,117.57,116.03,57179298,AAPL,0.137563408,81.20035305,1414673416,116.47
24-11-2014,116.85,118.77,116.62,47450824,AAPL,1.85026187,89.5151754,1462124240,118.625
25-11-2014,119.07,119.75,117.45,68840440,AAPL,-0.864067439,82.49070632,1393283800,117.6
26-11-2014,117.94,119.1,117.83,40831886,AAPL,1.19047619,85.05786249,1434115686,119
28-11-2014,119.27,119.4,118.05,24814402,AAPL,-0.058823529,84.32525952,1409301284,118.93
01-12-2014,118.81,119.25,111.27,83814037,AAPL,-3.245606659,67.20904578,1325487247,115.07
02-12-2014,113.5,115.75,112.75,59348940,AAPL,-0.382375945,63.92655367,1266138307,114.63
03-12-2014,115.75,116.35,115.11,43063440,AAPL,1.134083573,63.40974212,1309201747,115.93
04-12-2014,115.77,117.2,115.29,42155776,AAPL,-0.379539377,58.18014706,1267045971,115.49
05-12-2014,115.99,116.08,114.64,38318895,AAPL,-0.424279158,52.65372168,1228727076,115
08-12-2014,114.1,114.648,111.62,57664850,AAPL,-2.260869565,45.54871221,1171062226,112.4
09-12-2014,110.19,114.3,109.35,60208036,AAPL,1.53024911,46.27071823,1231270262,114.12
10-12-2014,114.41,114.85,111.54,44565318,AAPL,-1.901507185,43.01489471,1186704944,111.95
11-12-2014,112.26,113.8,111.34,41471578,AAPL,-0.294774453,37.08700441,1145233366,111.62
12-12-2014,110.46,111.87,109.58,56028138,AAPL,-1.693244938,33.05681247,1089205228,109.73
15-12-2014,110.7,111.6,106.35,67218082,AAPL,-1.371548346,22.97297297,1021987146,108.225
16-12-2014,106.37,110.16,106.26,60790733,AAPL,-1.367521368,22.44224422,961196413,106.745
17-12-2014,107.12,109.84,106.82,53411773,AAPL,2.496604056,27.1230916,1014608186,109.41
18-12-2014,111.87,112.65,110.66,59006218,AAPL,2.961338086,36.98715292,1073614404,112.65
19-12-2014,112.26,113.24,111.66,88429770,AAPL,-0.772303595,42.21854305,985184634,111.78
22-12-2014,112.16,113.49,111.97,45167549,AAPL,1.037752729,46.13449222,1030352183,112.94
23-12-2014,113.23,113.33,112.46,26028419,AAPL,-0.354170356,41.91316794,1004323764,112.54
24-12-2014,112.58,112.71,112.01,14479611,AAPL,-0.470943664,41.73396675,989844153,112.01
26-12-2014,112.1,114.52,112.01,33720951,AAPL,1.767699313,47.7595386,1023565104,113.99
29-12-2014,113.79,114.77,113.7,27598920,AAPL,-0.070181595,53.77122877,995966184,113.91
30-12-2014,113.64,113.92,112.11,29881477,AAPL,-1.22026161,45.93702387,966084707,112.52
31-12-2014,112.82,113.13,110.21,41403351,AAPL,-1.901884109,46.00712106,924681356,110.38
02-01-2015,111.39,111.44,107.35,53204626,AAPL,-0.951259286,44.38174681,871476730,109.33
05-01-2015,108.29,108.65,105.41,64285491,AAPL,-2.81715906,41.93324061,807191239,106.25
06-01-2015,106.54,107.43,104.63,65797116,AAPL,0.009411765,45.10585305,872988355,106.26
07-01-2015,107.2,108.2,106.695,40105934,AAPL,1.402220967,52.50186706,913094289,107.75
08-01-2015,109.23,112.15,108.7,59364547,AAPL,3.842227378,55.75139147,972458836,111.89
09-01-2015,112.67,113.25,110.21,53699527,AAPL,0.10724819,48.26464208,1026158363,112.01
12-01-2015,112.6,112.63,108.8,49650790,AAPL,-2.464065708,43.77766847,976507573,109.25
13-01-2015,111.43,112.8,108.91,67091928,AAPL,0.887871854,43.24726912,1043599501,110.22
14-01-2015,109.04,110.49,108.5,48956588,AAPL,-0.38105607,43.20436508,994642913,109.8
15-01-2015,110,110.06,106.66,60013996,AAPL,-2.714025501,38.52277753,934628917,106.82
16-01-2015,107.03,107.58,105.2,78513345,AAPL,-0.777008051,31.36067102,856115572,105.99
20-01-2015,107.84,108.9667,106.5,49899907,AAPL,2.57571469,39.23683119,906015479,108.72
21-01-2015,108.95,111.06,108.27,48575897,AAPL,0.763428992,43.69426752,954591376,109.55
22-01-2015,110.26,112.47,109.72,53796409,AAPL,2.601551803,54.16323166,1008387785,112.4
23-01-2015,112.3,113.75,111.53,46464828,AAPL,0.516014235,57.67129046,1054852613,112.98
26-01-2015,113.74,114.3626,112.8,55614979,AAPL,0.106213489,66.44263082,1110467592,113.1
27-01-2015,112.42,112.48,109.03,95568749,AAPL,-3.50132626,55.81113801,1014898843,109.14
28-01-2015,117.625,118.12,115.31,146477063,AAPL,5.653289353,62.83095723,1161375906,115.31
29-01-2015,116.32,119.19,115.56,84436432,AAPL,3.113346631,62.12383258,1245812338,118.9
30-01-2015,118.4,120,116.85,83745461,AAPL,-1.463414634,58.43432689,1162066877,117.16
02-02-2015,118.05,119.17,116.08,62739100,AAPL,1.254694435,66.03967168,1224805977,118.63
03-02-2015,118.5,119.09,117.61,51915749,AAPL,0.016859142,64.89925769,1276721726,118.65
04-02-2015,118.5,120.51,118.309,70149743,AAPL,0.766961652,66.9562196,1346871469,119.56
05-02-2015,120.02,120.23,119.25,42246245,AAPL,0.317832051,75.05729565,1389117714,119.94
06-02-2015,120.02,120.25,118.45,43706567,AAPL,-0.842087711,74.5447648,1345411147,118.93
09-02-2015,118.55,119.84,118.43,38889797,AAPL,0.664256285,72.52252252,1384300944,119.72
10-02-2015,120.17,122.15,120.16,62008506,AAPL,1.921149348,74.0826574,1446309450,122.02
11-02-2015,122.77,124.92,122.5,73561797,AAPL,2.343878053,74.09266409,1519871247,124.88
12-02-2015,126.06,127.48,125.57,74474466,AAPL,1.265214606,75.05576208,1594345713,126.46
13-02-2015,127.28,127.28,125.65,54272219,AAPL,0.490273604,75.51094891,1648617932,127.08
17-02-2015,127.49,128.88,126.92,63152405,AAPL,0.590179415,88.63166598,1711770337,127.83
18-02-2015,127.625,128.78,127.45,44891737,AAPL,0.692325745,85.45358371,1756662074,128.715
19-02-2015,128.48,129.03,128.33,37362381,AAPL,-0.20588121,80.64826701,1719299693,128.45
20-02-2015,128.62,129.5,128.05,48948419,AAPL,0.813546127,91.43432986,1768248112,129.495
23-02-2015,130.02,133,129.66,70974110,AAPL,2.706668211,92.46453901,1839222222,133
24-02-2015,132.94,133.6,131.17,69228130,AAPL,-0.62406015,88.12746757,1769994092,132.17
25-02-2015,131.56,131.6,128.15,74711746,AAPL,-2.557312552,72.84653465,1695282346,128.79
26-02-2015,128.785,130.87,126.61,91287529,AAPL,1.261743924,74.42294241,1786569875,130.415
27-02-2015,130,130.57,128.24,62014847,AAPL,-1.499060691,71.28182224,1724555028,128.46
02-03-2015,129.25,130.28,128.3,48096663,AAPL,0.490425035,71.07512371,1772651691,129.09
03-03-2015,128.96,129.52,128.09,37816283,AAPL,0.209156403,68.16831683,1810467974,129.36
04-03-2015,129.1,129.56,128.32,31666340,AAPL,-0.63388992,60.07709251,1778801634,128.54
05-03-2015,128.58,128.75,125.76,56517146,AAPL,-1.657071729,49.86638161,1722284488,126.41
06-03-2015,128.4,129.37,126.26,72842060,AAPL,0.150304565,48.68708972,1795126548,126.6
09-03-2015,127.96,129.57,125.06,88528487,AAPL,0.426540284,48.09075816,1883655035,127.14
10-03-2015,126.41,127.22,123.8,68856582,AAPL,-2.068585811,39.3893515,1814798453,124.51
11-03-2015,124.75,124.77,122.11,68938974,AAPL,-1.823146735,35.76993584,1745859479,122.24
12-03-2015,122.31,124.9,121.63,48362719,AAPL,1.807918848,39.02545138,1794222198,124.45
13-03-2015,124.4,125.3951,122.58,51827283,AAPL,-0.691040579,26.86823992,1742394915,123.59
16-03-2015,123.88,124.95,122.87,35874300,AAPL,1.100412655,32.7024437,1778269215,124.95
17-03-2015,125.9,127.32,125.65,51023104,AAPL,1.672669068,45.53115424,1829292319,127.04
18-03-2015,127,129.16,126.37,65270945,AAPL,1.125629723,44.98323446,1894563264,128.47
19-03-2015,128.75,129.2451,127.4,45809490,AAPL,-0.758932046,47.37842977,1848753774,127.495
20-03-2015,128.25,128.4,125.16,68695136,AAPL,-1.251029452,41.76561693,1780058638,125.9
23-03-2015,127.12,127.85,126.52,37709674,AAPL,1.04050834,44.73297403,1817768312,127.21
24-03-2015,127.23,128.04,126.56,32842304,AAPL,-0.408772895,45.40029836,1784926008,126.69
25-03-2015,126.54,126.82,123.38,51655177,AAPL,-2.612676612,42.88398309,1733270831,123.38
26-03-2015,122.76,124.88,122.6,47572869,AAPL,0.697033555,44.62659381,1780843700,124.24
27-03-2015,124.57,124.7,122.91,39546151,AAPL,-0.796844816,41.32083891,1741297549,123.25
30-03-2015,124.05,126.4,124,47099670,AAPL,2.531440162,54.06113537,1788397219,126.37
31-03-2015,126.09,126.49,124.355,42090553,AAPL,-1.535174488,54.85157288,1746306666,124.43
01-04-2015,124.82,125.12,123.1,40621437,AAPL,-0.144659648,49.51314508,1705685229,124.25
02-04-2015,125.03,125.56,124.19,32220131,AAPL,0.861167002,54.1686747,1737905360,125.32
06-04-2015,124.47,127.51,124.33,37193975,AAPL,1.619853176,55.6022409,1775099335,127.35
07-04-2015,127.64,128.1218,125.98,35012268,AAPL,-1.052218296,47.50846638,1740087067,126.01
08-04-2015,125.85,126.4,124.97,37329243,AAPL,-0.325371002,42.69720102,1702757824,125.6
09-04-2015,125.85,126.58,124.66,32483974,AAPL,0.76433121,47.61904762,1735241798,126.56
10-04-2015,125.95,127.21,125.26,40187953,AAPL,0.426675095,53.22927879,1775429751,127.1
13-04-2015,128.37,128.57,126.61,36365123,AAPL,-0.196695515,48.97260274,1739064628,126.85
14-04-2015,127,127.29,125.91,25524593,AAPL,-0.433582972,48.88888889,1713540035,126.3
15-04-2015,126.41,127.13,126.01,28970419,AAPL,0.380047506,61.54891304,1742510454,126.78
16-04-2015,126.28,127.1,126.11,28368987,AAPL,-0.481148446,56.66897028,1714141467,126.17
17-04-2015,125.55,126.14,124.46,51957046,AAPL,-1.125465642,55.03355705,1662184421,124.75
20-04-2015,125.57,128.12,125.17,47054310,AAPL,2.284569138,54.20369105,1709238731,127.6
21-04-2015,128.1,128.2,126.67,32435057,AAPL,-0.540752351,59.26756353,1676803674,126.91
22-04-2015,126.99,128.87,126.32,37654505,AAPL,1.347411551,64.65459423,1714458179,128.62
23-04-2015,128.3,130.42,128.14,45770902,AAPL,0.816358265,64.60711887,1760229081,129.67
24-04-2015,130.49,130.63,129.23,44525905,AAPL,0.470424925,60.87602079,1804754986,130.28
27-04-2015,132.31,133.13,131.15,96954207,AAPL,1.819158735,72.89655172,1901709193,132.65
28-04-2015,134.455,134.54,129.57,118923970,AAPL,-1.575574821,65.32756489,1782785223,130.56
29-04-2015,130.16,131.59,128.3,63386083,AAPL,-1.470588235,56.06767795,1719399140,128.64
30-04-2015,127.5,127.88,124.58,83195423,AAPL,-2.712997512,45.14683922,1636203717,125.15
01-05-2015,126.1,130.13,125.3,58512638,AAPL,3.036356372,54.44162437,1694716355,128.95
04-05-2015,129.5,130.57,128.26,50988278,AAPL,-0.193873594,55.14138817,1643728077,128.7
05-05-2015,128.15,128.4498,125.78,49271416,AAPL,-2.253302253,48.09782609,1594456661,125.8
06-05-2015,126.56,126.75,123.36,72141010,AAPL,-0.627980922,47.76407093,1522315651,125.01
07-05-2015,124.77,126.08,124.02,43940895,AAPL,0.199984001,51.02947113,1566256546,125.26
08-05-2015,126.68,127.62,126.11,55550382,AAPL,1.884081111,50.04118616,1621806928,127.62
11-05-2015,127.39,127.56,125.625,42035757,AAPL,-1.018649115,48.81478505,1579771171,126.32
12-05-2015,125.6,126.88,124.82,48160032,AAPL,-0.360196327,44.17177914,1531611139,125.865
13-05-2015,126.15,127.19,125.87,34694235,AAPL,0.115202797,41.94896612,1566305374,126.01
14-05-2015,127.41,128.95,127.16,45203456,AAPL,2.333148163,47.34636872,1611508830,128.95
15-05-2015,129.07,129.49,128.21,38208034,AAPL,-0.139588988,41.51727153,1573300796,128.77
18-05-2015,128.38,130.72,128.36,50882918,AAPL,1.102741322,49.16666667,1624183714,130.19
19-05-2015,130.69,130.88,129.64,44633240,AAPL,-0.092172978,53.50490196,1579550474,130.07
20-05-2015,130,130.98,129.34,36454932,AAPL,-0.007688168,64.50945626,1543095542,130.06
21-05-2015,130.07,131.63,129.83,39730364,AAPL,1.022604952,58.44290657,1582825906,131.39
22-05-2015,131.6,132.97,131.4,45595972,AAPL,0.875256869,62.50814332,1628421878,132.54
26-05-2015,132.6,132.91,129.12,70697560,AAPL,-2.203108496,62.42680547,1557724318,129.62
27-05-2015,130.34,132.26,130.05,45833246,AAPL,1.870853263,70.68509262,1603557564,132.045
28-05-2015,131.86,131.95,131.1,30733309,AAPL,-0.200689159,69.15393655,1572824255,131.78
29-05-2015,131.23,131.45,129.9,50884452,AAPL,-1.138260738,58.23019802,1521939803,130.28
01-06-2015,131.2,131.39,130.05,32112797,AAPL,0.195732269,63.94310288,1554052600,130.535
02-06-2015,129.86,130.655,129.32,33667627,AAPL,-0.440494886,63.43944864,1520384973,129.96
03-06-2015,130.66,130.94,129.9,30983542,AAPL,0.123114805,63.47540984,1551368515,130.12
04-06-2015,129.58,130.58,128.91,38450118,AAPL,-0.584076237,51.56847743,1512918397,129.36
05-06-2015,129.5,129.69,128.36,35626800,AAPL,-0.548855906,49.55882353,1477291597,128.65
08-06-2015,128.9,129.21,126.83,52674786,AAPL,-0.660707346,40.82885649,1424616811,127.8
09-06-2015,126.7,128.08,125.62,56075420,AAPL,-0.297339593,40.03009782,1368541391,127.42
10-06-2015,127.92,129.34,127.85,39087250,AAPL,1.145816983,45.9972863,1407628641,128.88
11-06-2015,129.18,130.18,128.475,35390887,AAPL,-0.225015518,39.7810219,1372237754,128.59
12-06-2015,128.185,128.33,127.11,36886246,AAPL,-1.104284937,30.78024338,1335351508,127.17
15-06-2015,126.1,127.24,125.71,43988946,AAPL,-0.196587245,38.05309735,1291362562,126.92
16-06-2015,127.03,127.85,126.37,31494131,AAPL,0.535770564,26.73992674,1322856693,127.6
17-06-2015,127.72,127.88,126.74,32918071,AAPL,-0.235109718,26.64233577,1289938622,127.3
18-06-2015,127.23,128.31,127.22,35407220,AAPL,0.455616654,36.15916955,1325345842,127.88
19-06-2015,127.71,127.82,126.4,54716887,AAPL,-1.00093838,29.70603404,1270628955,126.6
22-06-2015,127.49,128.06,127.08,34039345,AAPL,0.79778831,38.40078973,1304668300,127.61
23-06-2015,127.48,127.61,126.8792,30268863,AAPL,-0.454509835,35.35545024,1274399437,127.03
24-06-2015,127.21,129.8,127.12,55280855,AAPL,0.850192868,44.25022999,1329680292,128.11
25-06-2015,128.86,129.2,127.5,31938100,AAPL,-0.476153306,44.66109564,1297742192,127.5
26-06-2015,127.67,127.99,126.51,44066841,AAPL,-0.588235294,45.07966261,1253675351,126.75
29-06-2015,125.46,126.47,124.48,49161427,AAPL,-1.75147929,38.44924061,1204513924,124.53
30-06-2015,125.57,126.12,124.86,44370682,AAPL,0.718702321,35.53788196,1248884606,125.425
01-07-2015,126.9,126.94,125.99,30238811,AAPL,0.93681483,42.24473889,1279123417,126.6
02-07-2015,126.43,126.69,125.77,27210952,AAPL,-0.126382306,46.84528954,1251912465,126.44
06-07-2015,124.94,126.23,124.85,28060431,AAPL,-0.347991142,46.08843537,1223852034,126
07-07-2015,125.89,126.15,123.77,46946811,AAPL,-0.246031746,41.61545215,1176905223,125.69
08-07-2015,124.48,124.64,122.54,60761614,AAPL,-2.482297717,33.35679099,1116143609,122.57
09-07-2015,123.85,124.06,119.22,78595038,AAPL,-2.039650812,25.79045257,1037548571,120.07
10-07-2015,121.94,123.85,121.21,61354474,AAPL,2.673440493,40.80841639,1098903045,123.28
13-07-2015,125.03,125.755,124.32,41440538,AAPL,1.930564568,44.98198662,1140343583,125.66
14-07-2015,126.04,126.37,125.04,31768139,AAPL,-0.039789909,46.24338624,1108575444,125.61
15-07-2015,125.72,127.15,125.58,33649200,AAPL,0.9632991,46.61061482,1142224644,126.82
16-07-2015,127.74,128.57,127.35,36222447,AAPL,1.332597382,52.51118846,1178447091,128.51
17-07-2015,129.08,129.62,128.31,46164710,AAPL,0.863746012,57.01025892,1224611801,129.62
20-07-2015,130.97,132.97,130.7,58900203,AAPL,1.89014041,68.21256039,1283512004,132.07
21-07-2015,132.85,132.92,130.32,76756427,AAPL,-0.999469978,62.6035503,1206755577,130.75
22-07-2015,121.99,125.5,121.99,115450607,AAPL,-4.229445507,47.29199372,1091304970,125.22
23-07-2015,126.2,127.09,125.06,50999452,AAPL,-0.047915668,47.47832939,1040305518,125.16
24-07-2015,125.32,125.74,123.9,42162332,AAPL,-0.527325024,47.0703125,998143186,124.5
27-07-2015,123.09,123.61,122.12,44455540,AAPL,-1.389558233,44.59659511,953687646,122.77
28-07-2015,123.38,123.91,122.55,33618097,AAPL,0.496864055,51.65238678,987305743,123.38
29-07-2015,123.15,123.5,122.27,37011653,AAPL,-0.316096612,56.51785714,950294090,122.99
30-07-2015,122.32,122.5699,121.71,33628268,AAPL,-0.504106025,47.70318021,916665822,122.37
31-07-2015,122.6,122.6425,120.91,42884953,AAPL,-0.87439732,38.21621622,873780869,121.3
03-08-2015,121.5,122.57,117.52,69975968,AAPL,-2.357790602,33.17691225,803804901,118.44
04-08-2015,117.42,117.7,113.25,124138623,AAPL,-3.208375549,24.51882845,679666278,114.64
05-08-2015,112.95,117.44,112.1,99312613,AAPL,0.662944871,21.46277754,778978891,115.4
06-08-2015,115.97,116.5,114.115,52903040,AAPL,-0.233968804,17.26163579,726075851,115.13
07-08-2015,114.58,116.25,114.5,38670405,AAPL,0.338747503,8.769307424,764746256,115.52
10-08-2015,116.53,119.99,116.53,54951597,AAPL,3.635734072,25.96949891,819697853,119.72
11-08-2015,117.81,118.18,113.33,97082814,AAPL,-5.203808887,25.20084567,722615039,113.49
12-08-2015,112.53,115.42,109.63,101685610,AAPL,1.541986078,30.42620363,824300649,115.24
13-08-2015,116.04,116.4,114.54,48535789,AAPL,-0.078097883,31.12636254,775764860,115.15
14-08-2015,114.32,116.31,114.01,42929516,AAPL,0.703430308,35.72327044,818694376,115.96
17-08-2015,116.04,117.65,115.5,40884745,AAPL,1.0348396,37.27495908,859579121,117.16
18-08-2015,116.43,117.44,116.01,34560708,AAPL,-0.563332195,36.86766491,825018413,116.5
19-08-2015,116.1,116.52,114.68,48286510,AAPL,-1.278969957,35.61376075,776731903,115.01
20-08-2015,114.08,114.35,111.63,68501622,AAPL,-2.051995479,33.90398214,708230281,112.65
21-08-2015,110.43,111.9,105.645,128275471,AAPL,-6.116289392,29.48220065,579954810,105.76
24-08-2015,94.87,108.8,92,162206292,AAPL,-2.496217852,30.63214526,417748518,103.12
25-08-2015,111.11,111.11,103.5,103601599,AAPL,0.601241272,30.30405405,521350117,103.74
26-08-2015,107.085,109.89,105.05,96774611,AAPL,5.735492578,42.29024943,618124728,109.69
27-08-2015,112.25,113.24,110.02,84616056,AAPL,2.94466223,46.58971668,702740784,112.92
28-08-2015,112.17,113.31,111.54,53164407,AAPL,0.327665604,40.62408866,755905191,113.29
31-08-2015,112.13,114.53,112,56229271,AAPL,-0.467825933,48.72332984,699675920,112.76
01-09-2015,110.18,111.88,107.36,76845860,AAPL,-4.469670096,38.20577164,622830060,107.72
02-09-2015,110,112.34,109.131,61888812,AAPL,4.288897141,46.14117001,684718872,112.34
03-09-2015,112.49,112.78,110.04,53233940,AAPL,-1.753605127,42.56055363,631484932,110.37
04-09-2015,108.97,110.45,108.51,49996311,AAPL,-0.99664764,39.47157726,581488621,109.27
08-09-2015,111.65,112.56,110.32,54843626,AAPL,2.782099387,44.74278545,636332247,112.31
09-09-2015,113.76,114.02,109.77,85010804,AAPL,-1.923248152,44.0029615,551321443,110.15
10-09-2015,110.27,113.2825,109.9,62892831,AAPL,2.197004085,49.90142928,614214274,112.57
11-09-2015,111.79,114.21,111.76,49915473,AAPL,1.45687128,61.95867535,664129747,114.21
14-09-2015,116.58,116.89,114.86,58363431,AAPL,0.963138079,68.03788103,722493178,115.31
15-09-2015,115.93,116.53,114.42,43341155,AAPL,0.84121065,68.3655536,765834333,116.28
16-09-2015,116.25,116.54,115.44,37173489,AAPL,0.111799106,61.86440678,803007822,116.41
17-09-2015,115.66,116.49,113.715,64112641,AAPL,-2.138991496,51.8129079,738895181,113.92
18-09-2015,112.21,114.3,111.87,74285291,AAPL,-0.412570225,50.28901734,664609890,113.45
21-09-2015,113.67,115.37,113.66,50221965,AAPL,1.551344204,54.23728814,714831855,115.21
22-09-2015,113.38,114.18,112.5201,50346159,AAPL,-1.57104418,61.05919003,664485696,113.4
23-09-2015,113.63,114.72,113.3,35756716,AAPL,0.811287478,54.50409463,700242412,114.32
24-09-2015,113.25,115.5,112.37,50219475,AAPL,0.594821554,61.18898018,750461887,115
25-09-2015,116.44,116.69,114.02,56151926,AAPL,-0.252173913,63.68209256,694309961,114.71
28-09-2015,113.85,114.57,112.44,52109011,AAPL,-1.978903321,50.34013605,642200950,112.44
29-09-2015,112.83,113.51,107.86,73365384,AAPL,-3.00604767,47.31923266,568835566,109.06
30-09-2015,110.17,111.54,108.73,66473033,AAPL,1.136988813,44.07310705,635308599,110.3
01-10-2015,109.07,109.62,107.31,63929100,AAPL,-0.652765186,37.30115195,571379499,109.58
02-10-2015,108.01,111.0136,107.55,58019758,AAPL,0.73006023,36.25209147,629399257,110.38
05-10-2015,109.88,111.3698,109.07,52064743,AAPL,0.36238449,34.15898618,681464000,110.78
06-10-2015,110.63,111.74,109.765,48856977,AAPL,0.478425709,35.64189189,730320977,111.31
07-10-2015,111.74,111.77,109.41,46765550,AAPL,-0.476147696,40.06329114,683555427,110.78
08-10-2015,110.19,110.19,108.21,61979577,AAPL,-1.155443221,38.10957255,621575850,109.5
09-10-2015,110,112.28,109.49,52766140,AAPL,2.392694064,41.15626789,674341990,112.12
12-10-2015,112.73,112.75,111.44,30467204,AAPL,-0.463788798,44.43757726,643874786,111.6
13-10-2015,110.82,112.45,110.68,33049256,AAPL,0.170250896,41.81229773,676924042,111.79
14-10-2015,111.29,111.52,109.56,44462449,AAPL,-1.413364344,35.35168196,632461593,110.21
15-10-2015,110.93,112.1,110.49,37673452,AAPL,1.49714182,41.95369848,670135045,111.86
16-10-2015,111.78,112,110.53,39232609,AAPL,-0.733059181,45.69495695,630902436,111.04
19-10-2015,110.8,111.75,110.11,29759153,AAPL,0.621397695,59.83787767,660661589,111.73
20-10-2015,111.34,114.17,110.82,48967763,AAPL,1.825830126,62.07376479,709629352,113.77
21-10-2015,114,115.58,113.7,42326974,AAPL,-0.008789663,65.30014641,667302378,113.76
22-10-2015,114.33,115.5,114.1,41654089,AAPL,1.529535865,67.53424658,708956467,115.5
23-10-2015,116.7,119.228,116.33,59366914,AAPL,3.0995671,73.3408324,768323381,119.08
26-10-2015,118.08,118.13,114.92,66333781,AAPL,-3.191132012,59.42992874,701989600,115.28
27-10-2015,115.4,116.54,113.99,69884400,AAPL,-0.633240805,58.87058824,632105200,114.55
28-10-2015,116.93,119.3,116.06,85551352,AAPL,4.12047141,69.78533819,717656552,119.27
29-10-2015,118.7,120.69,118.27,51227334,AAPL,1.056426595,68.02400343,768883886,120.53
30-10-2015,120.99,121.22,119.45,49365254,AAPL,-0.854559031,66.56879195,719518632,119.5
02-11-2015,119.87,121.36,119.61,32203267,AAPL,1.405857741,68.5353336,751721899,121.18
03-11-2015,120.79,123.49,120.7,45518976,AAPL,1.147053969,74.5823389,797240875,122.57
04-11-2015,123.13,123.82,121.62,44886050,AAPL,-0.465040385,71.0723192,752354825,122
05-11-2015,121.85,122.69,120.18,39552680,AAPL,-0.885245902,70.3125,712802145,120.92
06-11-2015,121.11,121.81,120.62,33042283,AAPL,0.115779027,69.62557846,745844428,121.06
09-11-2015,120.96,121.81,120.05,33871405,AAPL,-0.404757971,65.30153015,711973023,120.57
10-11-2015,116.9,118.07,116.061,59127931,AAPL,-3.15169611,55.78623606,652845092,116.77
11-11-2015,116.37,117.42,115.21,45217971,AAPL,-0.565213668,51.22342559,607627121,116.11
12-11-2015,116.26,116.82,115.65,32525579,AAPL,-0.335888382,42.27230911,575101542,115.72
13-11-2015,115.2,115.57,112.27,45812403,AAPL,-2.920843415,43.10506567,529289139,112.34
16-11-2015,111.38,114.24,111,38106701,AAPL,1.633434218,49.1638796,567395840,114.175
17-11-2015,114.92,115.05,113.32,27616939,AAPL,-0.424786512,34.66190214,539778901,113.69
18-11-2015,115.76,117.49,115.5,46674697,AAPL,3.166505409,42.10910862,586453598,117.29
19-11-2015,117.64,119.75,116.76,43295820,AAPL,1.270355529,48.28489757,629749418,118.78
20-11-2015,119.2,119.92,118.85,34287096,AAPL,0.437784139,45.25970751,664036514,119.3
23-11-2015,119.27,119.73,117.34,32482528,AAPL,-1.299245599,37.94397199,631553986,117.75
24-11-2015,117.33,119.35,117.12,42803172,AAPL,0.959660297,42.40875912,674357158,118.88
25-11-2015,119.21,119.23,117.92,21388308,AAPL,-0.715006729,42.88877953,652968850,118.03
27-11-2015,118.29,118.41,117.6,13046445,AAPL,-0.18639329,42.03431373,639922405,117.81
30-11-2015,117.99,119.41,117.75,39180322,AAPL,0.415923945,44.43627451,679102727,118.3
01-12-2015,118.75,118.81,116.86,34852374,AAPL,-0.811496196,51.62300683,644250353,117.34
02-12-2015,117.05,118.11,116.08,33386563,AAPL,-0.903357764,50.47327394,610863790,116.28
03-12-2015,116.55,116.79,114.22,41569509,AAPL,-0.92879257,48.60589812,569294281,115.2
04-12-2015,115.29,119.25,115.11,57776977,AAPL,3.324652778,67.51308901,627071258,119.03
07-12-2015,118.98,119.86,117.81,32084249,AAPL,-0.630093254,61.39328337,594987009,118.28
08-12-2015,117.52,118.6,116.86,34309450,AAPL,-0.042272574,62.91240046,560677559,118.23
09-12-2015,117.64,117.69,115.08,46361357,AAPL,-2.207561533,44.9668475,514316202,115.62
10-12-2015,116.04,116.94,115.51,29212727,AAPL,0.475696246,41.66134185,543528929,116.17
11-12-2015,115.19,115.39,112.851,46886161,AAPL,-2.573814238,33.11258278,496642768,113.18
14-12-2015,112.18,112.68,109.79,65003609,AAPL,-0.618483831,34.74232774,431639159,112.48
15-12-2015,111.94,112.8,110.35,53323105,AAPL,-1.769203414,26.86155543,378316054,110.49
16-12-2015,111.07,111.99,108.8,56238467,AAPL,0.769300389,31.54991726,434554521,111.34
17-12-2015,112.02,112.25,108.98,44772827,AAPL,-2.119633555,28.21904292,389781694,108.98
18-12-2015,108.91,109.52,105.81,96453327,AAPL,-2.706918701,23.00923889,293328367,106.03
21-12-2015,107.28,107.37,105.57,47590610,AAPL,1.226068094,28.30515821,340918977,107.33
22-12-2015,107.4,107.72,106.451,32789367,AAPL,-0.093170595,29.53414744,308129610,107.23
23-12-2015,107.27,108.85,107.2,32657354,AAPL,1.286953278,35.29674253,340786964,108.61
24-12-2015,109,109,107.95,13596680,AAPL,-0.534020808,21.29436326,327190284,108.03
28-12-2015,107.59,107.69,106.1807,26704210,AAPL,-1.120059243,20.79510703,300486074,106.82
29-12-2015,106.96,109.43,106.86,30931243,AAPL,1.797416214,27.91996277,331417317,108.74
30-12-2015,108.58,108.7,107.18,25213777,AAPL,-1.305867206,29.55665025,306203540,107.32
31-12-2015,107.01,107.03,104.82,40912316,AAPL,-1.919493105,24.98853737,265291224,105.26
04-01-2016,102.61,105.368,102,67649387,AAPL,0.085502565,29.29666843,332940611,105.35
05-01-2016,105.75,105.85,102.41,55790992,AAPL,-2.505932606,26.57074341,277149619,102.71
06-01-2016,100.56,102.37,99.87,68457388,AAPL,-1.956966216,26.54528031,208692231,100.7
07-01-2016,98.68,100.13,96.43,81094428,AAPL,-4.220456802,19.32426864,127597803,96.45
08-01-2016,98.55,99.11,96.76,70798016,AAPL,0.528771384,23.19357716,198395819,96.96
11-01-2016,98.97,99.06,97.34,49739377,AAPL,1.619224422,32.17680608,248135196,98.53
12-01-2016,100.55,100.69,98.8399,49154227,AAPL,1.451334619,32.59329239,297289423,99.96
13-01-2016,100.32,101.19,97.3,62439631,AAPL,-2.571028411,29.18781726,234849792,97.39
14-01-2016,97.96,100.48,95.74,63170127,AAPL,2.187082863,31.36531365,298019919,99.52
15-01-2016,96.2,97.71,95.36,79833891,AAPL,-2.401527331,29.19847328,218186028,97.13
19-01-2016,98.41,98.65,95.5,53087747,AAPL,-0.483887573,30.04713276,165098281,96.66
20-01-2016,95.1,98.1897,93.42,72334416,AAPL,0.134492034,24.75707647,237432697,96.79
21-01-2016,97.06,97.88,94.94,52161463,AAPL,-0.506250646,25.76956904,185271234,96.3
22-01-2016,98.63,101.46,98.37,65800467,AAPL,5.316718588,42.55813953,251071701,101.42
25-01-2016,101.52,101.53,99.21,51794525,AAPL,-1.952277657,39.32827736,199277176,99.44
26-01-2016,99.93,100.88,98.07,75077002,AAPL,0.553097345,44.6875,274354178,99.99
27-01-2016,96.04,96.6289,93.34,133369674,AAPL,-6.570657066,37.93103448,140984504,93.42
28-01-2016,93.79,94.52,92.39,55678825,AAPL,0.71719118,45.56057186,196663329,94.09
29-01-2016,94.79,97.34,94.35,64416504,AAPL,3.454139654,50.64802183,261079833,97.34
01-02-2016,96.47,96.71,95.4,40943541,AAPL,-0.934867475,46.33635729,220136292,96.43
02-02-2016,95.42,96.04,94.28,37357215,AAPL,-2.022192264,40.61000685,182779077,94.48
03-02-2016,95,96.84,94.08,45964294,AAPL,1.979254869,48.1741573,228743371,96.35
04-02-2016,95.86,97.33,95.19,46471652,AAPL,0.25947068,44.5112782,275215023,96.6
05-02-2016,96.52,96.92,93.69,46418064,AAPL,-2.670807453,44.19559537,228796959,94.02
08-02-2016,93.13,95.7,93.04,54021375,AAPL,1.052967454,46.97912852,282818334,95.01
